{
    "loss": 24.395334243774414,
    "accuracy": 0.5467625856399536
}