{
    "loss": 7.9975481033325195,
    "accuracy": 0.5179855823516846
}