{
    "loss": 8.043968200683594,
    "accuracy": 0.5035971403121948
}